-- MySQL dump 10.13  Distrib 8.0.43, for Win64 (x86_64)
--
-- Host: 127.0.0.1    Database: real_estate
-- ------------------------------------------------------
-- Server version	9.4.0

/*!40101 SET @OLD_CHARACTER_SET_CLIENT=@@CHARACTER_SET_CLIENT */;
/*!40101 SET @OLD_CHARACTER_SET_RESULTS=@@CHARACTER_SET_RESULTS */;
/*!40101 SET @OLD_COLLATION_CONNECTION=@@COLLATION_CONNECTION */;
/*!50503 SET NAMES utf8 */;
/*!40103 SET @OLD_TIME_ZONE=@@TIME_ZONE */;
/*!40103 SET TIME_ZONE='+00:00' */;
/*!40014 SET @OLD_UNIQUE_CHECKS=@@UNIQUE_CHECKS, UNIQUE_CHECKS=0 */;
/*!40014 SET @OLD_FOREIGN_KEY_CHECKS=@@FOREIGN_KEY_CHECKS, FOREIGN_KEY_CHECKS=0 */;
/*!40101 SET @OLD_SQL_MODE=@@SQL_MODE, SQL_MODE='NO_AUTO_VALUE_ON_ZERO' */;
/*!40111 SET @OLD_SQL_NOTES=@@SQL_NOTES, SQL_NOTES=0 */;

--
-- Table structure for table `clients`
--

DROP TABLE IF EXISTS `clients`;
/*!40101 SET @saved_cs_client     = @@character_set_client */;
/*!50503 SET character_set_client = utf8mb4 */;
CREATE TABLE `clients` (
  `Clients_id` int NOT NULL AUTO_INCREMENT,
  `full_name` varchar(50) CHARACTER SET utf8mb3 COLLATE utf8mb3_general_ci NOT NULL,
  `email` varchar(50) CHARACTER SET utf8mb3 COLLATE utf8mb3_general_ci NOT NULL,
  `phone_number` varchar(20) CHARACTER SET utf8mb3 COLLATE utf8mb3_general_ci NOT NULL,
  `address` varchar(100) CHARACTER SET utf8mb3 COLLATE utf8mb3_general_ci DEFAULT NULL,
  PRIMARY KEY (`Clients_id`),
  UNIQUE KEY `phone_number_UNIQUE` (`phone_number`),
  UNIQUE KEY `email_UNIQUE` (`email`)
) ENGINE=InnoDB AUTO_INCREMENT=136 DEFAULT CHARSET=utf8mb4 COLLATE=utf8mb4_0900_ai_ci;
/*!40101 SET character_set_client = @saved_cs_client */;

--
-- Dumping data for table `clients`
--

LOCK TABLES `clients` WRITE;
/*!40000 ALTER TABLE `clients` DISABLE KEYS */;
INSERT INTO `clients` VALUES (1,'Omar Sharif','omar.s@email.com','01012345678','11 Zamalek, Cairo'),(2,'Faten Hamama','faten.h@email.com','01234567890','22 Maadi, Cairo'),(3,'Rushdy Abaza','rushdy.a@email.com','01145678901','33 Heliopolis, Cairo'),(4,'Soad Hosny','soad.h@email.com','01556789012','44 Agouza, Giza'),(5,'Ahmed Zaki','ahmed.z@email.com','01067890123','55 Mohandessin, Giza'),(6,'Shadia Adel','shadia.a@email.com','01278901234','66 Smouha, Alexandria'),(7,'Abdel Halim Hafez','halim.h@email.com','01189012345','77 Sporting, Alexandria'),(8,'Naguib Mahfouz','naguib.m@email.com','01590123456','88 El Gamaleya, Cairo'),(9,'Umm Kulthum','umm.k@email.com','01001122334','99 El Senbellawein, Dakahlia'),(10,'Taha Hussein','taha.h@email.com','01212233445','101 El Manial, Cairo'),(11,'Youssef Chahine','youssef.c@email.com','01123344556','112 Victoria, Alexandria'),(12,'Farid al-Atrash','farid.a@email.com','01534455667','123 Garden City, Cairo'),(13,'Hend Rostom','hend.r@email.com','01045566778','134 Moharam Bek, Alexandria'),(14,'Ismail Yassine','ismail.y@email.com','01256677889','145 El Sayeda Zeinab, Cairo'),(15,'Salah Zulfikar','salah.z@email.com','01167788990','156 Nasr City, Cairo'),(16,'Gamal Sultan','gamal.sultan.client@email.com','01050000000','13 El Haram St, Giza'),(17,'Laila Rizk','laila.rizk.client@email.com','01150000001','198 El Corniche St, Alexandria'),(18,'Fouad Kamal','fouad.kamal.client@email.com','01250000002','112 Ramses St, Cairo'),(19,'Amina Shady','amina.shady.client@email.com','01550000003','77 Kafr Abdu St, Alexandria'),(20,'Adel Fawzy','adel.fawzy.client@email.com','01050000004','45 El Tahrir St, Cairo'),(21,'Reem Mahmoud','reem.mahmoud.client@email.com','01150000005','180 90th Street St, New Cairo'),(22,'Ibrahim Elsayed','ibrahim.elsayed.client@email.com','01250000006','93 Faisal St, Giza'),(23,'Dina Tarek','dina.tarek.client@email.com','01550000007','60 Salah Salem St, Cairo'),(24,'Hassan Said','hassan.said.client@email.com','01050000008','125 Shubra St, Cairo'),(25,'Nada Ibrahim','nada.ibrahim.client@email.com','01150000009','32 El Haram St, Helwan'),(26,'Said Mohamed','said.mohamed.client@email.com','01250000010','150 Gamal Abdel Nasser St, Damietta'),(27,'Mona Ali','mona.ali.client@email.com','01550000011','88 Abbas El Akkad St, Cairo'),(28,'Amr Hassan','amr.hassan.client@email.com','01050000012','170 El Corniche St, Port Said'),(29,'Salma Sultan','salma.sultan.client@email.com','01150000013','43 Kafr Abdu St, Alexandria'),(30,'Tarek Rizk','tarek.rizk.client@email.com','01250000014','199 Ramses St, Cairo'),(31,'Aya Kamal','aya.kamal.client@email.com','01550000015','12 El Tahrir St, Mansoura'),(32,'Mostafa Shady','mostafa.shady.client@email.com','01050000016','145 90th Street St, New Cairo'),(33,'Nour Fawzy','nour.fawzy.client@email.com','01150000017','67 Faisal St, Giza'),(34,'Ali Mahmoud','ali.mahmoud.client@email.com','01250000018','118 Salah Salem St, Cairo'),(35,'Sara Elsayed','sara.elsayed.client@email.com','01550000019','80 Shubra St, Cairo'),(36,'Khaled Tarek','khaled.tarek.client@email.com','01050000020','25 El Haram St, Helwan'),(37,'Mariam Said','mariam.said.client@email.com','01150000021','175 Gamal Abdel Nasser St, Damietta'),(38,'Karim Ibrahim','karim.ibrahim.client@email.com','01250000022','50 Abbas El Akkad St, Cairo'),(39,'Fatma Mohamed','fatma.mohamed.client@email.com','01550000023','190 El Corniche St, Port Said'),(40,'Ahmed Ali','ahmed.ali.client@email.com','01050000024','18 Kafr Abdu St, Alexandria'),(41,'Yasmin Hassan','yasmin.hassan.client@email.com','01150000025','123 Ramses St, Cairo'),(42,'Mohamed Sultan','mohamed.sultan.client@email.com','01250000026','88 El Tahrir St, Mansoura'),(43,'Heba Rizk','heba.rizk.client@email.com','01550000027','160 90th Street St, New Cairo'),(44,'Omar Kamal','omar.kamal.client@email.com','01050000028','40 Faisal St, Giza'),(45,'Laila Shady','laila.shady.client@email.com','01150000029','142 Salah Salem St, Cairo'),(46,'Fouad Fawzy','fouad.fawzy.client@email.com','01250000030','95 Shubra St, Cairo'),(47,'Amina Mahmoud','amina.mahmoud.client@email.com','01550000031','55 El Haram St, Helwan'),(48,'Adel Elsayed','adel.elsayed.client@email.com','01050000032','195 Gamal Abdel Nasser St, Damietta'),(49,'Reem Tarek','reem.tarek.client@email.com','01150000033','22 Abbas El Akkad St, Cairo'),(50,'Ibrahim Said','ibrahim.said.client@email.com','01250000034','120 El Corniche St, Port Said'),(51,'Dina Ibrahim','dina.ibrahim.client@email.com','01550000035','70 Kafr Abdu St, Alexandria'),(52,'Hassan Mohamed','hassan.mohamed.client@email.com','01050000036','140 Ramses St, Cairo'),(53,'Nada Ali','nada.ali.client@email.com','01150000037','48 El Tahrir St, Mansoura'),(54,'Said Hassan','said.hassan.client@email.com','01250000038','185 90th Street St, New Cairo'),(55,'Mona Sultan','mona.sultan.client@email.com','01550000039','15 Faisal St, Giza'),(56,'Amr Rizk','amr.rizk.client@email.com','01050000040','178 Salah Salem St, Cairo'),(57,'Salma Kamal','salma.kamal.client@email.com','01150000041','50 Shubra St, Cairo'),(58,'Tarek Shady','tarek.shady.client@email.com','01250000042','80 El Haram St, Helwan'),(59,'Aya Fawzy','aya.fawzy.client@email.com','01550000043','110 Gamal Abdel Nasser St, Damietta'),(60,'Mostafa Mahmoud','mostafa.mahmoud.client@email.com','01050000044','8 Abbas El Akkad St, Cairo'),(61,'Nour Elsayed','nour.elsayed.client@email.com','01150000045','140 El Corniche St, Port Said'),(62,'Ali Tarek','ali.tarek.client@email.com','01250000046','95 Kafr Abdu St, Alexandria'),(63,'Sara Said','sara.said.client@email.com','01550000047','165 Ramses St, Cairo'),(64,'Khaled Ibrahim','khaled.ibrahim.client@email.com','01050000048','18 El Tahrir St, Mansoura'),(65,'Mariam Mohamed','mariam.mohamed.client@email.com','01150000049','115 90th Street St, New Cairo'),(66,'Karim Ali','karim.ali.client@email.com','01250000050','88 Faisal St, Giza'),(67,'Fatma Hassan','fatma.hassan.client@email.com','01550000051','198 Salah Salem St, Cairo'),(68,'Ahmed Sultan','ahmed.sultan.client@email.com','01050000052','20 Shubra St, Cairo'),(69,'Yasmin Rizk','yasmin.rizk.client@email.com','01150000053','105 El Haram St, Helwan'),(70,'Mohamed Kamal','mohamed.kamal.client@email.com','01250000054','130 Gamal Abdel Nasser St, Damietta'),(71,'Heba Shady','heba.shady.client@email.com','01550000055','40 Abbas El Akkad St, Cairo'),(72,'Omar Fawzy','omar.fawzy.client@email.com','01050000056','160 El Corniche St, Port Said'),(73,'Laila Mahmoud','laila.mahmoud.client@email.com','01150000057','58 Kafr Abdu St, Alexandria'),(74,'Fouad Elsayed','fouad.elsayed.client@email.com','01250000058','180 Ramses St, Cairo'),(75,'Amina Tarek','amina.tarek.client@email.com','01550000059','78 El Tahrir St, Mansoura'),(76,'Adel Said','adel.said.client@email.com','01050000060','135 90th Street St, New Cairo'),(77,'Reem Ibrahim','reem.ibrahim.client@email.com','01150000061','50 Faisal St, Giza'),(78,'Ibrahim Mohamed','ibrahim.mohamed.client@email.com','01250000062','128 Salah Salem St, Cairo'),(79,'Dina Ali','dina.ali.client@email.com','01550000063','85 Shubra St, Cairo'),(80,'Hassan Hassan','hassan.hassan.client@email.com','01050000064','15 El Haram St, Helwan'),(81,'Nada Sultan','nada.sultan.client@email.com','01150000065','155 Gamal Abdel Nasser St, Damietta'),(82,'Said Rizk','said.rizk.client@email.com','01250000066','65 Abbas El Akkad St, Cairo'),(83,'Mona Kamal','mona.kamal.client@email.com','01550000067','180 El Corniche St, Port Said'),(84,'Amr Shady','amr.shady.client@email.com','01050000068','30 Kafr Abdu St, Alexandria'),(85,'Salma Fawzy','salma.fawzy.client@email.com','01150000069','115 Ramses St, Cairo'),(86,'Tarek Mahmoud','tarek.mahmoud.client@email.com','01250000070','98 El Tahrir St, Mansoura'),(87,'Aya Elsayed','aya.elsayed.client@email.com','01550000071','195 90th Street St, New Cairo'),(88,'Mostafa Tarek','mostafa.tarek.client@email.com','01050000072','25 Faisal St, Giza'),(89,'Nour Said','nour.said.client@email.com','01150000073','148 Salah Salem St, Cairo'),(90,'Ali Ibrahim','ali.ibrahim.client@email.com','01250000074','60 Shubra St, Cairo'),(91,'Sara Mohamed','sara.mohamed.client@email.com','01550000075','90 El Haram St, Helwan'),(92,'Khaled Ali','khaled.ali.client@email.com','01050000076','125 Gamal Abdel Nasser St, Damietta'),(93,'Mariam Hassan','mariam.hassan.client@email.com','01150000077','12 Abbas El Akkad St, Cairo'),(94,'Karim Sultan','karim.sultan.client@email.com','01250000078','150 El Corniche St, Port Said'),(95,'Fatma Rizk','fatma.rizk.client@email.com','01550000079','80 Kafr Abdu St, Alexandria'),(96,'Ahmed Kamal','ahmed.kamal.client@email.com','01050000080','135 Ramses St, Cairo'),(97,'Yasmin Shady','yasmin.shady.client@email.com','01150000081','68 El Tahrir St, Mansoura'),(98,'Mohamed Fawzy','mohamed.fawzy.client@email.com','01250000082','105 90th Street St, New Cairo'),(99,'Heba Mahmoud','heba.mahmoud.client@email.com','01550000083','98 Faisal St, Giza'),(100,'Omar Elsayed','omar.elsayed.client@email.com','01050000084','168 Salah Salem St, Cairo'),(101,'Laila Tarek','laila.tarek.client@email.com','01150000085','35 Shubra St, Cairo'),(102,'Fouad Said','fouad.said.client@email.com','01250000086','120 El Haram St, Helwan'),(103,'Amina Ibrahim','amina.ibrahim.client@email.com','01550000087','145 Gamal Abdel Nasser St, Damietta'),(104,'Adel Mohamed','adel.mohamed.client@email.com','01050000088','55 Abbas El Akkad St, Cairo'),(105,'Reem Ali','reem.ali.client@email.com','01150000089','170 El Corniche St, Port Said'),(106,'Ibrahim Hassan','ibrahim.hassan.client@email.com','01250000090','45 Kafr Abdu St, Alexandria'),(107,'Dina Sultan','dina.sultan.client@email.com','01550000091','155 Ramses St, Cairo'),(108,'Hassan Rizk','hassan.rizk.client@email.com','01050000092','28 El Tahrir St, Mansoura'),(109,'Nada Kamal','nada.kamal.client@email.com','01150000093','125 90th Street St, New Cairo'),(110,'Said Shady','said.shady.client@email.com','01250000094','60 Faisal St, Giza'),(111,'Mona Fawzy','mona.fawzy.client@email.com','01550000095','188 Salah Salem St, Cairo'),(112,'Amr Mahmoud','amr.mahmoud.client@email.com','01050000096','10 Shubra St, Cairo'),(113,'Salma Elsayed','salma.elsayed.client@email.com','01150000097','135 El Haram St, Helwan'),(114,'Tarek Tarek','tarek.tarek.client@email.com','01250000098','165 Gamal Abdel Nasser St, Damietta'),(115,'Aya Said','aya.said.client@email.com','01550000099','75 Abbas El Akkad St, Cairo'),(116,'Mostafa Ibrahim','mostafa.ibrahim.client@email.com','01050000100','195 El Corniche St, Port Said'),(117,'Nour Mohamed','nour.mohamed.client@email.com','01150000101','20 Kafr Abdu St, Alexandria'),(118,'Ali Ali','ali.ali.client@email.com','01250000102','175 Ramses St, Cairo'),(119,'Sara Hassan','sara.hassan.client@email.com','01550000103','88 El Tahrir St, Mansoura'),(120,'Khaled Sultan','khaled.sultan.client@email.com','01050000104','145 90th Street St, New Cairo'),(121,'Mariam Rizk','mariam.rizk.client@email.com','01150000105','35 Faisal St, Giza'),(122,'Karim Kamal','karim.kamal.client@email.com','01250000106','110 Salah Salem St, Cairo'),(123,'Fatma Shady','fatma.shady.client@email.com','01550000107','95 Shubra St, Cairo'),(124,'Ahmed Fawzy','ahmed.fawzy.client@email.com','01050000108','150 El Haram St, Helwan'),(125,'Yasmin Mahmoud','yasmin.mahmoud.client@email.com','01150000109','185 Gamal Abdel Nasser St, Damietta'),(126,'Mohamed Elsayed','mohamed.elsayed.client@email.com','01250000110','30 Abbas El Akkad St, Cairo'),(127,'Heba Tarek','heba.tarek.client@email.com','01550000111','110 El Corniche St, Port Said'),(128,'Omar Said','omar.said.client@email.com','01050000112','65 Kafr Abdu St, Alexandria'),(129,'Laila Ibrahim','laila.ibrahim.client@email.com','01150000113','190 Ramses St, Cairo'),(130,'Fouad Mohamed','fouad.mohamed.client@email.com','01250000114','58 El Tahrir St, Mansoura'),(131,'Amina Ali','amina.ali.client@email.com','01550000115','170 90th Street St, New Cairo'),(132,'Adel Hassan','adel.hassan.client@email.com','01050000116','70 Faisal St, Giza'),(133,'Reem Sultan','reem.sultan.client@email.com','01150000117','130 Salah Salem St, Cairo'),(134,'Ibrahim Rizk','ibrahim.rizk.client@email.com','01250000118','45 Shubra St, Cairo'),(135,'Dina Kamal','dina.kamal.client@email.com','01550000119','160 El Haram St, Helwan');
/*!40000 ALTER TABLE `clients` ENABLE KEYS */;
UNLOCK TABLES;

--
-- Table structure for table `employees`
--

DROP TABLE IF EXISTS `employees`;
/*!40101 SET @saved_cs_client     = @@character_set_client */;
/*!50503 SET character_set_client = utf8mb4 */;
CREATE TABLE `employees` (
  `employees_id` int NOT NULL AUTO_INCREMENT,
  `full_name` varchar(50) CHARACTER SET utf8mb3 COLLATE utf8mb3_general_ci NOT NULL,
  `job_title` varchar(50) CHARACTER SET utf8mb3 COLLATE utf8mb3_general_ci NOT NULL,
  `email` varchar(50) CHARACTER SET utf8mb3 COLLATE utf8mb3_general_ci NOT NULL,
  `phone_number` varchar(20) DEFAULT NULL,
  `address` varchar(100) CHARACTER SET utf8mb3 COLLATE utf8mb3_general_ci DEFAULT NULL,
  PRIMARY KEY (`employees_id`),
  UNIQUE KEY `email_UNIQUE` (`email`),
  UNIQUE KEY `phone_number_UNIQUE` (`phone_number`)
) ENGINE=InnoDB AUTO_INCREMENT=101 DEFAULT CHARSET=utf8mb4 COLLATE=utf8mb4_0900_ai_ci;
/*!40101 SET character_set_client = @saved_cs_client */;

--
-- Dumping data for table `employees`
--

LOCK TABLES `employees` WRITE;
/*!40000 ALTER TABLE `employees` DISABLE KEYS */;
INSERT INTO `employees` VALUES (1,'Mohamed Osman','CEO and Co-Founder','mohamed.osman@realestate.com','01229971743','2 Abo-Qeer st, Alexandria '),(2,'Amr Sameh','Co-Founder','Amr.sameh@realestate.com','01200000002','25 El-Galaa St, Cairo'),(3,'Atef Elezaby','Co-Founder','atef.el@realestate.com','01276437999','14 Salah Salem, Cairo'),(4,'Badr Eid','Co-Founder','badr.ei@realestate.com','01276432973','23 Syria St, Alexandria'),(5,'Karim Mahmoud','Senior Agent','karim.m@realestate.com','01155566677','34 Mossadak, Giza'),(6,'Heba Hassan','Real Estate Agent','heba.h@realestate.com','01557778888','45 El Geish St, Mansoura'),(7,'Tarek Fawzy','Real Estate Agent','tarek.f@realestate.com','01099988877','56 Corniche, Damietta'),(8,'Mona Shawky','Sales Manager','mona.s@realestate.com','01221113335','1 Tahrir Square, Cairo'),(9,'Fares Elsayed','IT Support','fares.e@realestate.com','01112223334','7 Abdel Salam Aref, Cairo'),(10,'Nadia Lotfy','HR Specialist','nadia.l@realestate.com','01005554443','8 Makram Ebeid, Cairo'),(13,'Amira Mohamed','Real Estate Agent','amira.mo@realestate.com','01557734888','45 El Geish St, Mansoura'),(14,'Ahmed Hamada','Co-Founder','ahmed.ham@realestate.com','01099988237','56 Corniche, Damietta'),(15,'Hassan Adel','Real Estate Agent','hassan.adel@realestate.com','01030000001','75 Salah Salem St, Cairo'),(16,'Reem Kamal','Real Estate Agent','reem.kamal@realestate.com','01130000002','33 El Tahrir St, Alexandria'),(17,'Adel Shady','Real Estate Agent','adel.shady@realestate.com','01230000003','92 Abbas El Akkad St, Giza'),(18,'Dina Fawzy','Real Estate Agent','dina.fawzy@realestate.com','01530000004','18 Kafr Abdu St, Mansoura'),(19,'Mostafa Tarek','Real Estate Agent','mostafa.tarek@realestate.com','01030000005','64 El Corniche St, Damietta'),(20,'Nour Elsayed','Real Estate Agent','nour.elsayed@realestate.com','01130000006','29 90th Street St, New Cairo'),(21,'Amr Ibrahim','Real Estate Agent','amr.ibrahim@realestate.com','01230000007','81 Gamal Abdel Nasser St, 6th of October'),(22,'Sara Said','Real Estate Agent','sara.said@realestate.com','01530000008','47 Salah Salem St, Cairo'),(23,'Khaled Mohamed','Real Estate Agent','khaled.mohamed@realestate.com','01030000009','12 El Tahrir St, Alexandria'),(24,'Aya Ali','Real Estate Agent','aya.ali@realestate.com','01130000010','58 Abbas El Akkad St, Giza'),(25,'Mahmoud Hassan','Real Estate Agent','mahmoud.hassan@realestate.com','01230000011','7 Kafr Abdu St, Mansoura'),(26,'Salma Said','Real Estate Agent','salma.said@realestate.com','01530000012','88 El Corniche St, Damietta'),(27,'Omar Adel','Real Estate Agent','omar.adel@realestate.com','01030000013','53 90th Street St, New Cairo'),(28,'Mariam Tarek','Real Estate Agent','mariam.tarek@realestate.com','01130000014','22 Gamal Abdel Nasser St, 6th of October'),(29,'Karim Ali','Real Estate Agent','karim.ali@realestate.com','01230000015','99 Salah Salem St, Cairo'),(30,'Fatma Mohamed','Real Estate Agent','fatma.mohamed@realestate.com','01530000016','36 El Tahrir St, Alexandria'),(31,'Ahmed Ibrahim','Real Estate Agent','ahmed.ibrahim@realestate.com','01030000017','71 Abbas El Akkad St, Giza'),(32,'Yasmin Fawzy','Real Estate Agent','yasmin.fawzy@realestate.com','01130000018','42 Kafr Abdu St, Mansoura'),(33,'Ali Mahmoud','Real Estate Agent','ali.mahmoud@realestate.com','01230000019','14 El Corniche St, Damietta'),(34,'Nada Hassan','Real Estate Agent','nada.hassan@realestate.com','01530000020','8 90th Street St, New Cairo'),(35,'Tarek Said','Real Estate Agent','tarek.said@realestate.com','01030000021','67 Gamal Abdel Nasser St, 6th of October'),(36,'Heba Elsayed','Real Estate Agent','heba.elsayed@realestate.com','01130000022','31 Salah Salem St, Cairo'),(37,'Mohamed Kamal','Real Estate Agent','mohamed.kamal@realestate.com','01230000023','78 El Tahrir St, Alexandria'),(38,'Mona Ali','Real Estate Agent','mona.ali@realestate.com','01530000024','4 Abbas El Akkad St, Giza'),(39,'Said Ibrahim','Real Estate Agent','said.ibrahim@realestate.com','01030000025','66 Kafr Abdu St, Mansoura'),(40,'Amr Shady','Real Estate Agent','amr.shady@realestate.com','01130000026','93 El Corniche St, Damietta'),(41,'Nour Adel','Real Estate Agent','nour.adel@realestate.com','01230000027','25 90th Street St, New Cairo'),(42,'Sara Hassan','Real Estate Agent','sara.hassan@realestate.com','01530000028','82 Gamal Abdel Nasser St, 6th of October'),(43,'Khaled Tarek','Real Estate Agent','khaled.tarek@realestate.com','01030000029','51 Salah Salem St, Cairo'),(44,'Aya Said','Real Estate Agent','aya.said@realestate.com','01130000030','16 El Tahrir St, Alexandria'),(45,'Mahmoud Ali','Real Estate Agent','mahmoud.ali@realestate.com','01230000031','62 Abbas El Akkad St, Giza'),(46,'Salma Fawzy','Real Estate Agent','salma.fawzy@realestate.com','01530000032','11 Kafr Abdu St, Mansoura'),(47,'Omar Ibrahim','Real Estate Agent','omar.ibrahim@realestate.com','01030000033','48 El Corniche St, Damietta'),(48,'Mariam Mohamed','Real Estate Agent','mariam.mohamed@realestate.com','01130000034','73 90th Street St, New Cairo'),(49,'Karim Hassan','Real Estate Agent','karim.hassan@realestate.com','01230000035','38 Gamal Abdel Nasser St, 6th of October'),(50,'Fatma Tarek','Real Estate Agent','fatma.tarek@realestate.com','01530000036','9 Salah Salem St, Cairo'),(51,'Ahmed Said','Real Estate Agent','ahmed.said@realestate.com','01030000037','84 El Tahrir St, Alexandria'),(52,'Yasmin Adel','Real Estate Agent','yasmin.adel@realestate.com','01130000038','27 Abbas El Akkad St, Giza'),(53,'Ali Elsayed','Real Estate Agent','ali.elsayed@realestate.com','01230000039','52 Kafr Abdu St, Mansoura'),(54,'Nada Ali','Real Estate Agent','nada.ali@realestate.com','01530000040','19 El Corniche St, Damietta'),(55,'Tarek Mohamed','Real Estate Agent','tarek.mohamed@realestate.com','01030000041','86 90th Street St, New Cairo'),(56,'Heba Ibrahim','Real Estate Agent','heba.ibrahim@realestate.com','01130000042','41 Gamal Abdel Nasser St, 6th of October'),(57,'Mohamed Hassan','Real Estate Agent','mohamed.hassan@realestate.com','01230000043','3 Salah Salem St, Cairo'),(58,'Mona Tarek','Real Estate Agent','mona.tarek@realestate.com','01530000044','68 El Tahrir St, Alexandria'),(59,'Said Ali','Real Estate Agent','said.ali@realestate.com','01030000045','95 Abbas El Akkad St, Giza'),(60,'Amr Mohamed','Real Estate Agent','amr.mohamed@realestate.com','01130000046','30 Kafr Abdu St, Mansoura'),(61,'Nour Said','Real Estate Agent','nour.said@realestate.com','01230000047','57 El Corniche St, Damietta'),(62,'Sara Tarek','Real Estate Agent','sara.tarek@realestate.com','01530000048','21 90th Street St, New Cairo'),(63,'Khaled Ibrahim','Real Estate Agent','khaled.ibrahim@realestate.com','01030000049','76 Gamal Abdel Nasser St, 6th of October'),(64,'Aya Hassan','Real Estate Agent','aya.hassan@realestate.com','01130000050','43 Salah Salem St, Cairo'),(65,'Mahmoud Mohamed','Real Estate Agent','mahmoud.mohamed@realestate.com','01230000051','10 El Tahrir St, Alexandria'),(66,'Salma Adel','Real Estate Agent','salma.adel@realestate.com','01530000052','60 Abbas El Akkad St, Giza'),(67,'Omar Ali','Real Estate Agent','omar.ali@realestate.com','01030000053','85 Kafr Abdu St, Mansoura'),(68,'Mariam Said','Real Estate Agent','mariam.said@realestate.com','01130000054','50 El Corniche St, Damietta'),(69,'Karim Tarek','Real Estate Agent','karim.tarek@realestate.com','01230000055','13 90th Street St, New Cairo'),(70,'Fatma Hassan','Real Estate Agent','fatma.hassan@realestate.com','01530000056','68 Gamal Abdel Nasser St, 6th of October'),(71,'Ahmed Mohamed','Real Estate Agent','ahmed.mohamed@realestate.com','01030000057','23 Salah Salem St, Cairo'),(72,'Yasmin Ali','Real Estate Agent','yasmin.ali@realestate.com','01130000058','79 El Tahrir St, Alexandria'),(73,'Ali Said','Real Estate Agent','ali.said@realestate.com','01230000059','44 Abbas El Akkad St, Giza'),(74,'Nada Tarek','Real Estate Agent','nada.tarek@realestate.com','01530000060','9 Kafr Abdu St, Mansoura'),(75,'Hassan Shady','Senior Agent','hassan.shady@realestate.com','01030000061','94 El Corniche St, Damietta'),(76,'Reem Fawzy','Senior Agent','reem.fawzy@realestate.com','01130000062','26 90th Street St, New Cairo'),(77,'Adel Elsayed','Senior Agent','adel.elsayed@realestate.com','01230000063','83 Gamal Abdel Nasser St, 6th of October'),(78,'Dina Kamal','Senior Agent','dina.kamal@realestate.com','01530000064','54 Salah Salem St, Cairo'),(79,'Mostafa Ali','Senior Agent','mostafa.ali@realestate.com','01030000065','17 El Tahrir St, Alexandria'),(80,'Nour Ibrahim','Senior Agent','nour.ibrahim@realestate.com','01130000066','63 Abbas El Akkad St, Giza'),(81,'Amr Hassan','Senior Agent','amr.hassan@realestate.com','01230000067','12 Kafr Abdu St, Mansoura'),(82,'Sara Mohamed','Senior Agent','sara.mohamed@realestate.com','01530000068','49 El Corniche St, Damietta'),(83,'Khaled Ali','Senior Agent','khaled.ali@realestate.com','01030000069','74 90th Street St, New Cairo'),(84,'Aya Tarek','Team Lead','aya.tarek@realestate.com','01130000070','39 Gamal Abdel Nasser St, 6th of October'),(85,'Mahmoud Said','Team Lead','mahmoud.said@realestate.com','01230000071','10 Salah Salem St, Cairo'),(86,'Salma Ibrahim','Team Lead','salma.ibrahim@realestate.com','01530000072','85 El Tahrir St, Alexandria'),(87,'Omar Hassan','Team Lead','omar.hassan@realestate.com','01030000073','28 Abbas El Akkad St, Giza'),(88,'Mariam Fawzy','Marketing Specialist','mariam.fawzy@realestate.com','01130000074','53 Kafr Abdu St, Mansoura'),(89,'Karim Mohamed','Marketing Specialist','karim.mohamed@realestate.com','01230000075','20 El Corniche St, Damietta'),(90,'Fatma Ali','Marketing Specialist','fatma.ali@realestate.com','01530000076','87 90th Street St, New Cairo'),(91,'Ahmed Hassan','Marketing Specialist','ahmed.hassan@realestate.com','01030000077','42 Gamal Abdel Nasser St, 6th of October'),(92,'Yasmin Said','Customer Service','yasmin.said@realestate.com','01130000078','4 Salah Salem St, Cairo'),(93,'Ali Tarek','Customer Service','ali.tarek@realestate.com','01230000079','69 El Tahrir St, Alexandria'),(94,'Nada Mohamed','Customer Service','nada.mohamed@realestate.com','01530000080','96 Abbas El Akkad St, Giza'),(95,'Tarek Ali','Customer Service','tarek.ali@realestate.com','01030000081','31 Kafr Abdu St, Mansoura'),(96,'Heba Said','Accountant','heba.said@realestate.com','01130000082','58 El Corniche St, Damietta'),(97,'Mohamed Tarek','Accountant','mohamed.tarek@realestate.com','01230000083','22 90th Street St, New Cairo'),(98,'Mona Hassan','Accountant','mona.hassan@realestate.com','01530000084','77 Gamal Abdel Nasser St, 6th of October'),(99,'Said Tarek','Accountant','said.tarek@realestate.com','01030000085','44 Salah Salem St, Cairo'),(100,'Amr Ali','Accountant','amr.ali@realestate.com','01130000086','11 El Tahrir St, Alexandria');
/*!40000 ALTER TABLE `employees` ENABLE KEYS */;
UNLOCK TABLES;

--
-- Table structure for table `properties`
--

DROP TABLE IF EXISTS `properties`;
/*!40101 SET @saved_cs_client     = @@character_set_client */;
/*!50503 SET character_set_client = utf8mb4 */;
CREATE TABLE `properties` (
  `property_id` int NOT NULL AUTO_INCREMENT,
  `property_type` varchar(50) CHARACTER SET utf8mb3 COLLATE utf8mb3_general_ci NOT NULL,
  `address` varchar(255) CHARACTER SET utf8mb3 COLLATE utf8mb3_general_ci NOT NULL,
  `price` decimal(15,2) NOT NULL,
  `area_sqm` decimal(10,2) DEFAULT NULL,
  `status` enum('Available','Sold','Pending') NOT NULL DEFAULT 'Available',
  `owner_client_id` int DEFAULT NULL,
  `agent_employee_id` int DEFAULT NULL,
  PRIMARY KEY (`property_id`),
  KEY `owner_client_id` (`owner_client_id`),
  KEY `agent_employee_id` (`agent_employee_id`),
  CONSTRAINT `properties_ibfk_1` FOREIGN KEY (`owner_client_id`) REFERENCES `clients` (`Clients_id`),
  CONSTRAINT `properties_ibfk_2` FOREIGN KEY (`agent_employee_id`) REFERENCES `employees` (`employees_id`)
) ENGINE=InnoDB AUTO_INCREMENT=39 DEFAULT CHARSET=utf8mb4 COLLATE=utf8mb4_0900_ai_ci;
/*!40101 SET character_set_client = @saved_cs_client */;

--
-- Dumping data for table `properties`
--

LOCK TABLES `properties` WRITE;
/*!40000 ALTER TABLE `properties` DISABLE KEYS */;
INSERT INTO `properties` VALUES (1,'Apartment','18 El Obour Buildings',1800000.00,175.00,'Available',1,1),(2,'Villa','24 Kafr Abdu St',7500000.00,450.00,'Available',2,2),(3,'Office','Floor 7, Concorde Mall',2500000.00,120.00,'Sold',3,3),(4,'Apartment','90 El Merghany St',2200000.00,190.00,'Pending',4,1),(5,'Apartment','Tower C, City Stars',3100000.00,210.00,'Available',5,4),(6,'Villa','5 El Nakhil, New Damietta',5200000.00,380.00,'Available',6,5),(7,'Land','Plot 25, North Coast',10000000.00,1000.00,'Available',7,6),(8,'Apartment','44 El Tahrir St',950000.00,140.00,'Sold',8,4),(9,'Villa','Compound Palm Hills',12000000.00,600.00,'Available',9,3),(10,'Apartment','7 Miami, Corniche',1350000.00,155.00,'Available',10,2),(11,'Office','Downtown Katameya, Floor 3',4300000.00,200.00,'Available',11,1),(12,'Apartment','3 El Hassan St',1600000.00,165.00,'Available',12,3),(13,'Villa','Marassi, Blanca',18500000.00,750.00,'Pending',13,6),(14,'Apartment','120 El Galaa St',850000.00,130.00,'Available',14,5),(15,'Apartment','Zahret El Madا',1950000.00,180.00,'Sold',15,4),(16,'Apartment','San Stefano Grand Plaza',4500000.00,220.00,'Available',1,2),(17,'Villa','Beverly Hills Compound',9800000.00,550.00,'Available',2,3),(18,'Office','Capital Business Park, Floor 9',6200000.00,250.00,'Available',3,1),(19,'Apartment','Madinaty B8',2400000.00,160.00,'Available',4,4),(20,'Apartment','El Rehab Group 22',2100000.00,150.00,'Available',5,1),(21,'Apartment','Building 12, Unit 5B, Sama El Qahera Compound',3200000.00,180.00,'Available',25,3),(22,'Apartment','Building 8, Unit 2A, Sama El Qahera Compound',2950000.00,165.00,'Available',33,4),(23,'Duplex Apartment','Building 21, Unit 10C, Sama El Qahera Compound',5400000.00,280.00,'Available',41,1),(24,'Apartment','Building 12, Unit 3A, Sama El Qahera Compound',3350000.00,190.00,'Pending',50,3),(25,'Apartment','Building 5, Unit 7D, Sama El Qahera Compound',2800000.00,160.00,'Sold',18,4),(26,'Apartment','Building 15, Unit 1B, Sama El Qahera Compound',3100000.00,175.00,'Available',62,1),(27,'Penthouse','Building 22, Roof, Sama El Qahera Compound',6100000.00,310.00,'Available',77,3),(28,'Villa','Villa 44, Janna Residence Compound',8200000.00,420.00,'Available',16,2),(29,'Townhouse','Unit 19B, Janna Residence Compound',6500000.00,310.00,'Available',81,5),(30,'Villa','Villa 7, Janna Residence Compound',9500000.00,500.00,'Sold',23,63),(31,'Villa','Villa 21, Janna Residence Compound',8900000.00,480.00,'Available',90,2),(32,'Twin House','Unit 33, Janna Residence Compound',7100000.00,350.00,'Available',105,5),(33,'Villa','Villa 58, Janna Residence Compound',11500000.00,580.00,'Pending',47,63),(34,'Chalet','Unit 101, Phase 2, Alexandria Pearl Resort',4800000.00,120.00,'Available',38,6),(35,'Chalet','Unit 305, Phase 1, Alexandria Pearl Resort',4550000.00,110.00,'Available',112,69),(36,'Penthouse','Unit 501, Phase 3, Alexandria Pearl Resort',9200000.00,240.00,'Available',55,6),(37,'Studio','Unit 212, Phase 1, Alexandria Pearl Resort',2600000.00,75.00,'Sold',99,69),(38,'Chalet','Unit 410, Phase 3, Alexandria Pearl Resort',5100000.00,130.00,'Available',121,6);
/*!40000 ALTER TABLE `properties` ENABLE KEYS */;
UNLOCK TABLES;
/*!40103 SET TIME_ZONE=@OLD_TIME_ZONE */;

/*!40101 SET SQL_MODE=@OLD_SQL_MODE */;
/*!40014 SET FOREIGN_KEY_CHECKS=@OLD_FOREIGN_KEY_CHECKS */;
/*!40014 SET UNIQUE_CHECKS=@OLD_UNIQUE_CHECKS */;
/*!40101 SET CHARACTER_SET_CLIENT=@OLD_CHARACTER_SET_CLIENT */;
/*!40101 SET CHARACTER_SET_RESULTS=@OLD_CHARACTER_SET_RESULTS */;
/*!40101 SET COLLATION_CONNECTION=@OLD_COLLATION_CONNECTION */;
/*!40111 SET SQL_NOTES=@OLD_SQL_NOTES */;

-- Dump completed on 2025-10-23  2:28:00
